{
  "project_info": {
    "project_number": "331099110502",
    "project_id": "flutterfirebasebase",
    "storage_bucket": "flutterfirebasebase.firebasestorage.app"
  },
  "client": [
    {
      "client_info": {
        "mobilesdk_app_id": "1:331099110502:android:b60d4707c4b63771a801a7",
        "android_client_info": {
          "package_name": "com.example.flutter_firebase_base"
        }
      },
      "oauth_client": [
        {
          "client_id": "331099110502-d64cb1fiubr1h0i51u9s6cpfhf3u2088.apps.googleusercontent.com",
          "client_type": 3
        }
      ],
      "api_key": [
        {
          "current_key": "AIzaSyD7QzC101olgitq_wvGmzaUdIqjdfDKtv4"
        }
      ],
      "services": {
        "appinvite_service": {
          "other_platform_oauth_client": [
            {
              "client_id": "331099110502-d64cb1fiubr1h0i51u9s6cpfhf3u2088.apps.googleusercontent.com",
              "client_type": 3
            }
          ]
        }
      }
    }
  ],
  "configuration_version": "1"
}