{"flutter":{"platforms":{"android":{"default":{"projectId":"flutterfirebasebase","appId":"1:331099110502:android:b60d4707c4b63771a801a7","fileOutput":"android/app/google-services.json"}},"dart":{"lib/firebase_options.dart":{"projectId":"flutterfirebasebase","configurations":{"android":"1:331099110502:android:b60d4707c4b63771a801a7","ios":"1:331099110502:ios:e3d2bd150ef2831ba801a7","macos":"1:331099110502:ios:e3d2bd150ef2831ba801a7","web":"1:331099110502:web:aede675decdff968a801a7","windows":"1:331099110502:web:56e68d5bb7d55e2aa801a7"}}}}}}